Belgium,3/15/2020,179,11589616,375.564
Belgium,3/16/2020,214,11589616,375.564
Belgium,3/17/2020,387,11589616,375.564
Belgium,3/18/2020,422,11589616,375.564
Belgium,3/19/2020,534,11589616,375.564
Belgium,3/20/2020,713,11589616,375.564
Belgium,3/21/2020,662,11589616,375.564
Belgium,3/22/2020,469,11589616,375.564
Belgium,3/23/2020,486,11589616,375.564
Belgium,3/24/2020,1328,11589616,375.564
Belgium,3/25/2020,1195,11589616,375.564
Belgium,3/26/2020,1199,11589616,375.564
Belgium,3/27/2020,1363,11589616,375.564
Belgium,3/28/2020,1518,11589616,375.564
Belgium,3/29/2020,844,11589616,375.564
Belgium,3/30/2020,683,11589616,375.564
Belgium,3/31/2020,1738,11589616,375.564
Belgium,4/1/2020,1681,11589616,375.564
Belgium,4/2/2020,1516,11589616,375.564
Belgium,4/3/2020,1478,11589616,375.564
Belgium,4/4/2020,1694,11589616,375.564
Belgium,4/5/2020,922,11589616,375.564
Belgium,4/6/2020,665,11589616,375.564
Belgium,4/7/2020,1934,11589616,375.564
Belgium,4/8/2020,1515,11589616,375.564
Belgium,4/9/2020,1598,11589616,375.564
Belgium,4/10/2020,2239,11589616,375.564
Belgium,4/11/2020,2336,11589616,375.564
Belgium,4/12/2020,1029,11589616,375.564
Belgium,4/13/2020,524,11589616,375.564
Belgium,4/14/2020,537,11589616,375.564
Belgium,4/15/2020,1560,11589616,375.564
Belgium,4/16/2020,1633,11589616,375.564
Belgium,4/17/2020,1674,11589616,375.564
Belgium,4/18/2020,1394,11589616,375.564
Belgium,4/19/2020,722,11589616,375.564
Belgium,4/20/2020,443,11589616,375.564
Belgium,4/21/2020,1276,11589616,375.564
Belgium,4/22/2020,1270,11589616,375.564
Belgium,4/23/2020,777,11589616,375.564
Belgium,4/24/2020,976,11589616,375.564
Belgium,4/25/2020,811,11589616,375.564
Belgium,4/26/2020,388,11589616,375.564
Belgium,4/27/2020,205,11589616,375.564
Belgium,4/28/2020,755,11589616,375.564
Belgium,4/29/2020,569,11589616,375.564
Belgium,4/30/2020,522,11589616,375.564
Belgium,5/1/2020,586,11589616,375.564
Belgium,5/2/2020,237,11589616,375.564
Belgium,5/3/2020,286,11589616,375.564
Belgium,5/4/2020,140,11589616,375.564
Belgium,5/5/2020,670,11589616,375.564
Belgium,5/6/2020,547,11589616,375.564
Belgium,5/7/2020,552,11589616,375.564
Belgium,5/8/2020,442,11589616,375.564
Belgium,5/9/2020,483,11589616,375.564
Belgium,5/10/2020,240,11589616,375.564
Belgium,5/11/2020,118,11589616,375.564
Belgium,5/12/2020,476,11589616,375.564
Belgium,5/13/2020,395,11589616,375.564
Belgium,5/14/2020,321,11589616,375.564
Belgium,5/15/2020,305,11589616,375.564
Belgium,5/16/2020,346,11589616,375.564
Belgium,5/17/2020,147,11589616,375.564
Belgium,5/18/2020,81,11589616,375.564
Belgium,5/19/2020,317,11589616,375.564
Belgium,5/20/2020,292,11589616,375.564
Belgium,5/21/2020,385,11589616,375.564
Belgium,5/22/2020,70,11589616,375.564
Belgium,5/23/2020,248,11589616,375.564
Belgium,5/24/2020,123,11589616,375.564
Belgium,5/25/2020,75,11589616,375.564
Belgium,5/26/2020,314,11589616,375.564
Belgium,5/27/2020,202,11589616,375.564
Belgium,5/28/2020,182,11589616,375.564
Belgium,5/29/2020,171,11589616,375.564
Belgium,5/30/2020,165,11589616,375.564
Belgium,5/31/2020,61,11589616,375.564
Belgium,6/1/2020,49,11589616,375.564
Belgium,6/2/2020,59,11589616,375.564
Belgium,6/3/2020,181,11589616,375.564
Belgium,6/4/2020,159,11589616,375.564
Belgium,6/5/2020,172,11589616,375.564
Belgium,6/6/2020,154,11589616,375.564
Belgium,6/7/2020,69,11589616,375.564
Belgium,6/8/2020,53,11589616,375.564
Belgium,6/9/2020,152,11589616,375.564
Belgium,6/10/2020,145,11589616,375.564
Belgium,6/11/2020,119,11589616,375.564
Belgium,6/12/2020,95,11589616,375.564
Belgium,6/13/2020,89,11589616,375.564
Belgium,6/14/2020,49,11589616,375.564
Belgium,6/15/2020,22,11589616,375.564
Belgium,6/16/2020,147,11589616,375.564
Belgium,6/17/2020,99,11589616,375.564
Belgium,6/18/2020,123,11589616,375.564
Belgium,6/19/2020,108,11589616,375.564
Belgium,6/20/2020,121,11589616,375.564
Belgium,6/21/2020,50,11589616,375.564
Belgium,6/22/2020,20,11589616,375.564
Belgium,6/23/2020,143,11589616,375.564
Belgium,6/24/2020,110,11589616,375.564
Belgium,6/25/2020,100,11589616,375.564
Belgium,6/26/2020,76,11589616,375.564
Belgium,6/27/2020,113,11589616,375.564
Belgium,6/28/2020,41,11589616,375.564
Belgium,6/29/2020,24,11589616,375.564
Belgium,6/30/2020,127,11589616,375.564
Belgium,7/1/2020,100,11589616,375.564
Belgium,7/2/2020,135,11589616,375.564
Belgium,7/3/2020,93,11589616,375.564
Belgium,7/4/2020,94,11589616,375.564
Belgium,7/5/2020,64,11589616,375.564
Belgium,7/6/2020,24,11589616,375.564
Belgium,7/7/2020,112,11589616,375.564
Belgium,7/8/2020,99,11589616,375.564
Belgium,7/9/2020,137,11589616,375.564
Belgium,7/10/2020,124,11589616,375.564
Belgium,7/11/2020,127,11589616,375.564
Belgium,7/12/2020,62,11589616,375.564
Belgium,7/13/2020,43,11589616,375.564
Belgium,7/14/2020,224,11589616,375.564
Belgium,7/15/2020,207,11589616,375.564
Belgium,7/16/2020,260,11589616,375.564
Belgium,7/17/2020,226,11589616,375.564
Belgium,7/18/2020,274,11589616,375.564
Belgium,7/19/2020,130,11589616,375.564
Belgium,7/20/2020,64,11589616,375.564
Belgium,7/21/2020,443,11589616,375.564
Belgium,7/22/2020,145,11589616,375.564
Belgium,7/23/2020,553,11589616,375.564
Belgium,7/24/2020,439,11589616,375.564
Belgium,7/25/2020,496,11589616,375.564
Belgium,7/26/2020,229,11589616,375.564
Belgium,7/27/2020,184,11589616,375.564
Belgium,7/28/2020,595,11589616,375.564
Belgium,7/29/2020,685,11589616,375.564
Belgium,7/30/2020,703,11589616,375.564
Belgium,7/31/2020,635,11589616,375.564
Belgium,8/1/2020,684,11589616,375.564
Belgium,8/2/2020,309,11589616,375.564
Belgium,8/3/2020,148,11589616,375.564
Belgium,8/4/2020,794,11589616,375.564
Belgium,8/5/2020,814,11589616,375.564
Belgium,8/6/2020,767,11589616,375.564
Belgium,8/7/2020,769,11589616,375.564
Belgium,8/8/2020,771,11589616,375.564
Belgium,8/9/2020,304,11589616,375.564
Belgium,8/10/2020,122,11589616,375.564
Belgium,8/11/2020,873,11589616,375.564
Belgium,8/12/2020,718,11589616,375.564
Belgium,8/13/2020,609,11589616,375.564
Belgium,8/14/2020,669,11589616,375.564
Belgium,8/15/2020,587,11589616,375.564
Belgium,8/16/2020,163,11589616,375.564
Belgium,8/17/2020,132,11589616,375.564
Belgium,8/18/2020,707,11589616,375.564
Belgium,8/19/2020,725,11589616,375.564
Belgium,8/20/2020,612,11589616,375.564
Belgium,8/21/2020,581,11589616,375.564
Belgium,8/22/2020,510,11589616,375.564
Belgium,8/23/2020,203,11589616,375.564
Belgium,8/24/2020,115,11589616,375.564
Belgium,8/25/2020,607,11589616,375.564
Belgium,8/26/2020,527,11589616,375.564
Belgium,8/27/2020,526,11589616,375.564
Belgium,8/28/2020,535,11589616,375.564
Belgium,8/29/2020,614,11589616,375.564
Belgium,8/30/2020,195,11589616,375.564
Belgium,8/31/2020,117,11589616,375.564
Belgium,9/1/2020,634,11589616,375.564
Belgium,9/2/2020,565,11589616,375.564
Belgium,9/3/2020,574,11589616,375.564
Belgium,9/4/2020,677,11589616,375.564
Belgium,9/5/2020,728,11589616,375.564
Belgium,9/6/2020,322,11589616,375.564
Belgium,9/7/2020,155,11589616,375.564
Belgium,9/8/2020,918,11589616,375.564
Belgium,9/9/2020,871,11589616,375.564
Belgium,9/10/2020,1024,11589616,375.564
Belgium,9/11/2020,1143,11589616,375.564
Belgium,9/12/2020,1284,11589616,375.564
Belgium,9/13/2020,617,11589616,375.564
Belgium,9/14/2020,301,11589616,375.564
Belgium,9/15/2020,1726,11589616,375.564
Belgium,9/16/2020,1628,11589616,375.564
Belgium,9/17/2020,1942,11589616,375.564
Belgium,9/18/2020,1751,11589616,375.564
Belgium,9/19/2020,1709,11589616,375.564
Belgium,9/20/2020,894,11589616,375.564
Belgium,9/21/2020,461,11589616,375.564
Belgium,9/22/2020,2202,11589616,375.564
Belgium,9/23/2020,2074,11589616,375.564
Belgium,9/24/2020,2096,11589616,375.564
Belgium,9/25/2020,1796,11589616,375.564
Belgium,9/26/2020,1622,11589616,375.564
Belgium,9/27/2020,944,11589616,375.564
Belgium,9/28/2020,540,11589616,375.564
Belgium,9/29/2020,2782,11589616,375.564
Belgium,9/30/2020,2984,11589616,375.564
Belgium,10/1/2020,3243,11589616,375.564
Belgium,10/2/2020,3409,11589616,375.564
Belgium,10/3/2020,3720,11589616,375.564
Belgium,10/4/2020,1709,11589616,375.564
Belgium,10/5/2020,1035,11589616,375.564
Belgium,10/6/2020,5248,11589616,375.564
Belgium,10/7/2020,5687,11589616,375.564
Belgium,10/8/2020,6803,11589616,375.564
Belgium,10/9/2020,6586,11589616,375.564
Belgium,10/10/2020,7786,11589616,375.564
Belgium,10/11/2020,4309,11589616,375.564
Belgium,10/12/2020,2403,11589616,375.564
Belgium,10/13/2020,9733,11589616,375.564
Belgium,10/14/2020,12574,11589616,375.564
Belgium,10/15/2020,12288,11589616,375.564
Belgium,10/16/2020,11810,11589616,375.564
Belgium,10/17/2020,13473,11589616,375.564
Belgium,10/18/2020,7993,11589616,375.564
Belgium,10/19/2020,4289,11589616,375.564
Belgium,10/20/2020,15558,11589616,375.564
Belgium,10/21/2020,19254,11589616,375.564
Belgium,10/22/2020,17474,11589616,375.564
Belgium,10/23/2020,17682,11589616,375.564
Belgium,10/24/2020,18872,11589616,375.564
Belgium,10/25/2020,11554,11589616,375.564
Belgium,10/26/2020,4893,11589616,375.564
Belgium,10/27/2020,19837,11589616,375.564
Belgium,10/28/2020,22177,11589616,375.564
Belgium,10/29/2020,17983,11589616,375.564
Belgium,10/30/2020,15070,11589616,375.564
Belgium,10/31/2020,15366,11589616,375.564
Belgium,11/1/2020,6290,11589616,375.564
Belgium,11/2/2020,2662,11589616,375.564
Belgium,11/3/2020,13731,11589616,375.564
Belgium,11/4/2020,11893,11589616,375.564
Belgium,11/5/2020,9057,11589616,375.564
Belgium,11/6/2020,7411,11589616,375.564
Belgium,11/7/2020,6047,11589616,375.564
Germany,3/15/2020,733,83783945,237.016
Germany,3/16/2020,1043,83783945,237.016
Germany,3/17/2020,1174,83783945,237.016
Germany,3/18/2020,1144,83783945,237.016
Germany,3/19/2020,1042,83783945,237.016
Germany,3/20/2020,5940,83783945,237.016
Germany,3/21/2020,4049,83783945,237.016
Germany,3/22/2020,3276,83783945,237.016
Germany,3/23/2020,3311,83783945,237.016
Germany,3/24/2020,4438,83783945,237.016
Germany,3/25/2020,2342,83783945,237.016
Germany,3/26/2020,4954,83783945,237.016
Germany,3/27/2020,5780,83783945,237.016
Germany,3/28/2020,6294,83783945,237.016
Germany,3/29/2020,3965,83783945,237.016
Germany,3/30/2020,4751,83783945,237.016
Germany,3/31/2020,4615,83783945,237.016
Germany,4/1/2020,5453,83783945,237.016
Germany,4/2/2020,6156,83783945,237.016
Germany,4/3/2020,6174,83783945,237.016
Germany,4/4/2020,6082,83783945,237.016
Germany,4/5/2020,5936,83783945,237.016
Germany,4/6/2020,3677,83783945,237.016
Germany,4/7/2020,3834,83783945,237.016
Germany,4/8/2020,4003,83783945,237.016
Germany,4/9/2020,4974,83783945,237.016
Germany,4/10/2020,5323,83783945,237.016
Germany,4/11/2020,4133,83783945,237.016
Germany,4/12/2020,2821,83783945,237.016
Germany,4/13/2020,2537,83783945,237.016
Germany,4/14/2020,2082,83783945,237.016
Germany,4/15/2020,2486,83783945,237.016
Germany,4/16/2020,2866,83783945,237.016
Germany,4/17/2020,3380,83783945,237.016
Germany,4/18/2020,3609,83783945,237.016
Germany,4/19/2020,2458,83783945,237.016
Germany,4/20/2020,1775,83783945,237.016
Germany,4/21/2020,1785,83783945,237.016
Germany,4/22/2020,2237,83783945,237.016
Germany,4/23/2020,2352,83783945,237.016
Germany,4/24/2020,2337,83783945,237.016
Germany,4/25/2020,2055,83783945,237.016
Germany,4/26/2020,1737,83783945,237.016
Germany,4/27/2020,1018,83783945,237.016
Germany,4/28/2020,1144,83783945,237.016
Germany,4/29/2020,1304,83783945,237.016
Germany,4/30/2020,1478,83783945,237.016
Germany,5/1/2020,1639,83783945,237.016
Germany,5/2/2020,945,83783945,237.016
Germany,5/3/2020,793,83783945,237.016
Germany,5/4/2020,679,83783945,237.016
Germany,5/5/2020,685,83783945,237.016
Germany,5/6/2020,947,83783945,237.016
Germany,5/7/2020,1284,83783945,237.016
Germany,5/8/2020,1209,83783945,237.016
Germany,5/9/2020,1251,83783945,237.016
Germany,5/10/2020,667,83783945,237.016
Germany,5/11/2020,357,83783945,237.016
Germany,5/12/2020,933,83783945,237.016
Germany,5/13/2020,798,83783945,237.016
Germany,5/14/2020,933,83783945,237.016
Germany,5/15/2020,913,83783945,237.016
Germany,5/16/2020,620,83783945,237.016
Germany,5/17/2020,583,83783945,237.016
Germany,5/18/2020,342,83783945,237.016
Germany,5/19/2020,513,83783945,237.016
Germany,5/20/2020,797,83783945,237.016
Germany,5/21/2020,745,83783945,237.016
Germany,5/22/2020,460,83783945,237.016
Germany,5/23/2020,638,83783945,237.016
Germany,5/24/2020,431,83783945,237.016
Germany,5/25/2020,289,83783945,237.016
Germany,5/26/2020,432,83783945,237.016
Germany,5/27/2020,362,83783945,237.016
Germany,5/28/2020,353,83783945,237.016
Germany,5/29/2020,741,83783945,237.016
Germany,5/30/2020,738,83783945,237.016
Germany,5/31/2020,286,83783945,237.016
Germany,6/1/2020,333,83783945,237.016
Germany,6/2/2020,213,83783945,237.016
Germany,6/3/2020,342,83783945,237.016
Germany,6/4/2020,394,83783945,237.016
Germany,6/5/2020,507,83783945,237.016
Germany,6/6/2020,407,83783945,237.016
Germany,6/7/2020,301,83783945,237.016
Germany,6/8/2020,214,83783945,237.016
Germany,6/9/2020,350,83783945,237.016
Germany,6/10/2020,318,83783945,237.016
Germany,6/11/2020,555,83783945,237.016
Germany,6/12/2020,258,83783945,237.016
Germany,6/13/2020,348,83783945,237.016
Germany,6/14/2020,247,83783945,237.016
Germany,6/15/2020,192,83783945,237.016
Germany,6/16/2020,378,83783945,237.016
Germany,6/17/2020,345,83783945,237.016
Germany,6/18/2020,580,83783945,237.016
Germany,6/19/2020,770,83783945,237.016
Germany,6/20/2020,601,83783945,237.016
Germany,6/21/2020,687,83783945,237.016
Germany,6/22/2020,537,83783945,237.016
Germany,6/23/2020,503,83783945,237.016
Germany,6/24/2020,587,83783945,237.016
Germany,6/25/2020,630,83783945,237.016
Germany,6/26/2020,477,83783945,237.016
Germany,6/27/2020,687,83783945,237.016
Germany,6/28/2020,256,83783945,237.016
Germany,6/29/2020,262,83783945,237.016
Germany,6/30/2020,498,83783945,237.016
Germany,7/1/2020,466,83783945,237.016
Germany,7/2/2020,503,83783945,237.016
Germany,7/3/2020,446,83783945,237.016
Germany,7/4/2020,422,83783945,237.016
Germany,7/5/2020,239,83783945,237.016
Germany,7/6/2020,219,83783945,237.016
Germany,7/7/2020,390,83783945,237.016
Germany,7/8/2020,397,83783945,237.016
Germany,7/9/2020,442,83783945,237.016
Germany,7/10/2020,395,83783945,237.016
Germany,7/11/2020,378,83783945,237.016
Germany,7/12/2020,248,83783945,237.016
Germany,7/13/2020,159,83783945,237.016
Germany,7/14/2020,412,83783945,237.016
Germany,7/15/2020,351,83783945,237.016
Germany,7/16/2020,534,83783945,237.016
Germany,7/17/2020,583,83783945,237.016
Germany,7/18/2020,529,83783945,237.016
Germany,7/19/2020,202,83783945,237.016
Germany,7/20/2020,249,83783945,237.016
Germany,7/21/2020,522,83783945,237.016
Germany,7/22/2020,454,83783945,237.016
Germany,7/23/2020,569,83783945,237.016
Germany,7/24/2020,815,83783945,237.016
Germany,7/25/2020,781,83783945,237.016
Germany,7/26/2020,305,83783945,237.016
Germany,7/27/2020,340,83783945,237.016
Germany,7/28/2020,633,83783945,237.016
Germany,7/29/2020,684,83783945,237.016
Germany,7/30/2020,902,83783945,237.016
Germany,7/31/2020,870,83783945,237.016
Germany,8/1/2020,955,83783945,237.016
Germany,8/2/2020,240,83783945,237.016
Germany,8/3/2020,509,83783945,237.016
Germany,8/4/2020,879,83783945,237.016
Germany,8/5/2020,741,83783945,237.016
Germany,8/6/2020,1045,83783945,237.016
Germany,8/7/2020,1147,83783945,237.016
Germany,8/8/2020,1122,83783945,237.016
Germany,8/9/2020,555,83783945,237.016
Germany,8/10/2020,436,83783945,237.016
Germany,8/11/2020,966,83783945,237.016
Germany,8/12/2020,1226,83783945,237.016
Germany,8/13/2020,1445,83783945,237.016
Germany,8/14/2020,1449,83783945,237.016
Germany,8/15/2020,1415,83783945,237.016
Germany,8/16/2020,625,83783945,237.016
Germany,8/17/2020,561,83783945,237.016
Germany,8/18/2020,1390,83783945,237.016
Germany,8/19/2020,1510,83783945,237.016
Germany,8/20/2020,1707,83783945,237.016
Germany,8/21/2020,1427,83783945,237.016
Germany,8/22/2020,2034,83783945,237.016
Germany,8/23/2020,782,83783945,237.016
Germany,8/24/2020,711,83783945,237.016
Germany,8/25/2020,1278,83783945,237.016
Germany,8/26/2020,1576,83783945,237.016
Germany,8/27/2020,1507,83783945,237.016
Germany,8/28/2020,1571,83783945,237.016
Germany,8/29/2020,1479,83783945,237.016
Germany,8/30/2020,785,83783945,237.016
Germany,8/31/2020,610,83783945,237.016
Germany,9/1/2020,1218,83783945,237.016
Germany,9/2/2020,1256,83783945,237.016
Germany,9/3/2020,1311,83783945,237.016
Germany,9/4/2020,1453,83783945,237.016
Germany,9/5/2020,1378,83783945,237.016
Germany,9/6/2020,988,83783945,237.016
Germany,9/7/2020,814,83783945,237.016
Germany,9/8/2020,1499,83783945,237.016
Germany,9/9/2020,1176,83783945,237.016
Germany,9/10/2020,1892,83783945,237.016
Germany,9/11/2020,1484,83783945,237.016
Germany,9/12/2020,1630,83783945,237.016
Germany,9/13/2020,948,83783945,237.016
Germany,9/14/2020,927,83783945,237.016
Germany,9/15/2020,1407,83783945,237.016
Germany,9/16/2020,1901,83783945,237.016
Germany,9/17/2020,2194,83783945,237.016
Germany,9/18/2020,1916,83783945,237.016
Germany,9/19/2020,2297,83783945,237.016
Germany,9/20/2020,1345,83783945,237.016
Germany,9/21/2020,922,83783945,237.016
Germany,9/22/2020,1821,83783945,237.016
Germany,9/23/2020,1769,83783945,237.016
Germany,9/24/2020,2143,83783945,237.016
Germany,9/25/2020,2153,83783945,237.016
Germany,9/26/2020,2507,83783945,237.016
Germany,9/27/2020,1410,83783945,237.016
Germany,9/28/2020,1192,83783945,237.016
Germany,9/29/2020,2089,83783945,237.016
Germany,9/30/2020,1798,83783945,237.016
Germany,10/1/2020,2503,83783945,237.016
Germany,10/2/2020,2673,83783945,237.016
Germany,10/3/2020,2563,83783945,237.016
Germany,10/4/2020,2279,83783945,237.016
Germany,10/5/2020,1382,83783945,237.016
Germany,10/6/2020,2639,83783945,237.016
Germany,10/7/2020,2828,83783945,237.016
Germany,10/8/2020,4058,83783945,237.016
Germany,10/9/2020,4516,83783945,237.016
Germany,10/10/2020,4721,83783945,237.016
Germany,10/11/2020,3483,83783945,237.016
Germany,10/12/2020,2467,83783945,237.016
Germany,10/13/2020,4122,83783945,237.016
Germany,10/14/2020,5132,83783945,237.016
Germany,10/15/2020,6638,83783945,237.016
Germany,10/16/2020,7334,83783945,237.016
Germany,10/17/2020,7830,83783945,237.016
Germany,10/18/2020,5587,83783945,237.016
Germany,10/19/2020,4325,83783945,237.016
Germany,10/20/2020,6868,83783945,237.016
Germany,10/21/2020,7595,83783945,237.016
Germany,10/22/2020,11287,83783945,237.016
Germany,10/23/2020,11242,83783945,237.016
Germany,10/24/2020,14714,83783945,237.016
Germany,10/25/2020,11176,83783945,237.016
Germany,10/26/2020,8685,83783945,237.016
Germany,10/27/2020,11409,83783945,237.016
Germany,10/28/2020,14964,83783945,237.016
Germany,10/29/2020,16774,83783945,237.016
Germany,10/30/2020,18681,83783945,237.016
Germany,10/31/2020,19059,83783945,237.016
Germany,11/1/2020,14177,83783945,237.016
Germany,11/2/2020,12097,83783945,237.016
Germany,11/3/2020,15352,83783945,237.016
Germany,11/4/2020,17214,83783945,237.016
Germany,11/5/2020,19990,83783945,237.016
Germany,11/6/2020,21506,83783945,237.016
Germany,11/7/2020,23399,83783945,237.016
Italy,3/15/2020,3497,60461828,205.859
Italy,3/16/2020,2823,60461828,205.859
Italy,3/17/2020,4000,60461828,205.859
Italy,3/18/2020,3526,60461828,205.859
Italy,3/19/2020,4207,60461828,205.859
Italy,3/20/2020,5322,60461828,205.859
Italy,3/21/2020,5986,60461828,205.859
Italy,3/22/2020,6557,60461828,205.859
Italy,3/23/2020,5560,60461828,205.859
Italy,3/24/2020,4789,60461828,205.859
Italy,3/25/2020,5249,60461828,205.859
Italy,3/26/2020,5210,60461828,205.859
Italy,3/27/2020,6153,60461828,205.859
Italy,3/28/2020,5959,60461828,205.859
Italy,3/29/2020,5974,60461828,205.859
Italy,3/30/2020,5217,60461828,205.859
Italy,3/31/2020,4050,60461828,205.859
Italy,4/1/2020,4053,60461828,205.859
Italy,4/2/2020,4782,60461828,205.859
Italy,4/3/2020,4668,60461828,205.859
Italy,4/4/2020,4585,60461828,205.859
Italy,4/5/2020,4805,60461828,205.859
Italy,4/6/2020,4316,60461828,205.859
Italy,4/7/2020,3599,60461828,205.859
Italy,4/8/2020,3039,60461828,205.859
Italy,4/9/2020,3836,60461828,205.859
Italy,4/10/2020,4204,60461828,205.859
Italy,4/11/2020,3951,60461828,205.859
Italy,4/12/2020,4694,60461828,205.859
Italy,4/13/2020,4092,60461828,205.859
Italy,4/14/2020,3153,60461828,205.859
Italy,4/15/2020,2972,60461828,205.859
Italy,4/16/2020,2667,60461828,205.859
Italy,4/17/2020,3786,60461828,205.859
Italy,4/18/2020,3493,60461828,205.859
Italy,4/19/2020,3491,60461828,205.859
Italy,4/20/2020,3047,60461828,205.859
Italy,4/21/2020,2256,60461828,205.859
Italy,4/22/2020,2729,60461828,205.859
Italy,4/23/2020,3370,60461828,205.859
Italy,4/24/2020,2646,60461828,205.859
Italy,4/25/2020,3021,60461828,205.859
Italy,4/26/2020,2357,60461828,205.859
Italy,4/27/2020,2324,60461828,205.859
Italy,4/28/2020,1739,60461828,205.859
Italy,4/29/2020,2091,60461828,205.859
Italy,4/30/2020,2086,60461828,205.859
Italy,5/1/2020,1872,60461828,205.859
Italy,5/2/2020,1965,60461828,205.859
Italy,5/3/2020,1900,60461828,205.859
Italy,5/4/2020,1389,60461828,205.859
Italy,5/5/2020,1221,60461828,205.859
Italy,5/6/2020,1075,60461828,205.859
Italy,5/7/2020,1444,60461828,205.859
Italy,5/8/2020,1401,60461828,205.859
Italy,5/9/2020,1327,60461828,205.859
Italy,5/10/2020,1083,60461828,205.859
Italy,5/11/2020,802,60461828,205.859
Italy,5/12/2020,744,60461828,205.859
Italy,5/13/2020,1402,60461828,205.859
Italy,5/14/2020,888,60461828,205.859
Italy,5/15/2020,992,60461828,205.859
Italy,5/16/2020,789,60461828,205.859
Italy,5/17/2020,875,60461828,205.859
Italy,5/18/2020,675,60461828,205.859
Italy,5/19/2020,451,60461828,205.859
Italy,5/20/2020,813,60461828,205.859
Italy,5/21/2020,665,60461828,205.859
Italy,5/22/2020,642,60461828,205.859
Italy,5/23/2020,652,60461828,205.859
Italy,5/24/2020,669,60461828,205.859
Italy,5/25/2020,531,60461828,205.859
Italy,5/26/2020,300,60461828,205.859
Italy,5/27/2020,397,60461828,205.859
Italy,5/28/2020,584,60461828,205.859
Italy,5/29/2020,593,60461828,205.859
Italy,5/30/2020,516,60461828,205.859
Italy,5/31/2020,416,60461828,205.859
Italy,6/1/2020,355,60461828,205.859
Italy,6/2/2020,178,60461828,205.859
Italy,6/3/2020,318,60461828,205.859
Italy,6/4/2020,321,60461828,205.859
Italy,6/5/2020,177,60461828,205.859
Italy,6/6/2020,518,60461828,205.859
Italy,6/7/2020,270,60461828,205.859
Italy,6/8/2020,197,60461828,205.859
Italy,6/9/2020,280,60461828,205.859
Italy,6/10/2020,283,60461828,205.859
Italy,6/11/2020,202,60461828,205.859
Italy,6/12/2020,379,60461828,205.859
Italy,6/13/2020,163,60461828,205.859
Italy,6/14/2020,346,60461828,205.859
Italy,6/15/2020,338,60461828,205.859
Italy,6/16/2020,301,60461828,205.859
Italy,6/17/2020,210,60461828,205.859
Italy,6/18/2020,328,60461828,205.859
Italy,6/19/2020,331,60461828,205.859
Italy,6/20/2020,-148,60461828,205.859
Italy,6/21/2020,264,60461828,205.859
Italy,6/22/2020,224,60461828,205.859
Italy,6/23/2020,221,60461828,205.859
Italy,6/24/2020,113,60461828,205.859
Italy,6/25/2020,577,60461828,205.859
Italy,6/26/2020,296,60461828,205.859
Italy,6/27/2020,255,60461828,205.859
Italy,6/28/2020,175,60461828,205.859
Italy,6/29/2020,174,60461828,205.859
Italy,6/30/2020,126,60461828,205.859
Italy,7/1/2020,142,60461828,205.859
Italy,7/2/2020,182,60461828,205.859
Italy,7/3/2020,201,60461828,205.859
Italy,7/4/2020,223,60461828,205.859
Italy,7/5/2020,235,60461828,205.859
Italy,7/6/2020,192,60461828,205.859
Italy,7/7/2020,208,60461828,205.859
Italy,7/8/2020,137,60461828,205.859
Italy,7/9/2020,193,60461828,205.859
Italy,7/10/2020,214,60461828,205.859
Italy,7/11/2020,276,60461828,205.859
Italy,7/12/2020,188,60461828,205.859
Italy,7/13/2020,234,60461828,205.859
Italy,7/14/2020,169,60461828,205.859
Italy,7/15/2020,114,60461828,205.859
Italy,7/16/2020,162,60461828,205.859
Italy,7/17/2020,230,60461828,205.859
Italy,7/18/2020,231,60461828,205.859
Italy,7/19/2020,249,60461828,205.859
Italy,7/20/2020,218,60461828,205.859
Italy,7/21/2020,190,60461828,205.859
Italy,7/22/2020,128,60461828,205.859
Italy,7/23/2020,280,60461828,205.859
Italy,7/24/2020,306,60461828,205.859
Italy,7/25/2020,252,60461828,205.859
Italy,7/26/2020,274,60461828,205.859
Italy,7/27/2020,254,60461828,205.859
Italy,7/28/2020,168,60461828,205.859
Italy,7/29/2020,202,60461828,205.859
Italy,7/30/2020,288,60461828,205.859
Italy,7/31/2020,382,60461828,205.859
Italy,8/1/2020,379,60461828,205.859
Italy,8/2/2020,295,60461828,205.859
Italy,8/3/2020,238,60461828,205.859
Italy,8/4/2020,159,60461828,205.859
Italy,8/5/2020,190,60461828,205.859
Italy,8/6/2020,384,60461828,205.859
Italy,8/7/2020,401,60461828,205.859
Italy,8/8/2020,552,60461828,205.859
Italy,8/9/2020,347,60461828,205.859
Italy,8/10/2020,463,60461828,205.859
Italy,8/11/2020,259,60461828,205.859
Italy,8/12/2020,412,60461828,205.859
Italy,8/13/2020,476,60461828,205.859
Italy,8/14/2020,522,60461828,205.859
Italy,8/15/2020,574,60461828,205.859
Italy,8/16/2020,629,60461828,205.859
Italy,8/17/2020,477,60461828,205.859
Italy,8/18/2020,320,60461828,205.859
Italy,8/19/2020,401,60461828,205.859
Italy,8/20/2020,642,60461828,205.859
Italy,8/21/2020,840,60461828,205.859
Italy,8/22/2020,947,60461828,205.859
Italy,8/23/2020,1071,60461828,205.859
Italy,8/24/2020,1209,60461828,205.859
Italy,8/25/2020,953,60461828,205.859
Italy,8/26/2020,876,60461828,205.859
Italy,8/27/2020,1366,60461828,205.859
Italy,8/28/2020,1409,60461828,205.859
Italy,8/29/2020,1460,60461828,205.859
Italy,8/30/2020,1444,60461828,205.859
Italy,8/31/2020,1365,60461828,205.859
Italy,9/1/2020,996,60461828,205.859
Italy,9/2/2020,975,60461828,205.859
Italy,9/3/2020,1326,60461828,205.859
Italy,9/4/2020,1397,60461828,205.859
Italy,9/5/2020,1732,60461828,205.859
Italy,9/6/2020,1694,60461828,205.859
Italy,9/7/2020,1296,60461828,205.859
Italy,9/8/2020,1150,60461828,205.859
Italy,9/9/2020,1369,60461828,205.859
Italy,9/10/2020,1430,60461828,205.859
Italy,9/11/2020,1597,60461828,205.859
Italy,9/12/2020,1616,60461828,205.859
Italy,9/13/2020,1501,60461828,205.859
Italy,9/14/2020,1456,60461828,205.859
Italy,9/15/2020,1008,60461828,205.859
Italy,9/16/2020,1229,60461828,205.859
Italy,9/17/2020,1452,60461828,205.859
Italy,9/18/2020,1583,60461828,205.859
Italy,9/19/2020,1907,60461828,205.859
Italy,9/20/2020,1637,60461828,205.859
Italy,9/21/2020,1587,60461828,205.859
Italy,9/22/2020,1350,60461828,205.859
Italy,9/23/2020,1391,60461828,205.859
Italy,9/24/2020,1640,60461828,205.859
Italy,9/25/2020,1786,60461828,205.859
Italy,9/26/2020,1912,60461828,205.859
Italy,9/27/2020,1869,60461828,205.859
Italy,9/28/2020,1766,60461828,205.859
Italy,9/29/2020,1494,60461828,205.859
Italy,9/30/2020,1647,60461828,205.859
Italy,10/1/2020,1850,60461828,205.859
Italy,10/2/2020,2548,60461828,205.859
Italy,10/3/2020,2499,60461828,205.859
Italy,10/4/2020,2843,60461828,205.859
Italy,10/5/2020,2578,60461828,205.859
Italy,10/6/2020,2257,60461828,205.859
Italy,10/7/2020,2677,60461828,205.859
Italy,10/8/2020,3677,60461828,205.859
Italy,10/9/2020,4458,60461828,205.859
Italy,10/10/2020,5372,60461828,205.859
Italy,10/11/2020,5724,60461828,205.859
Italy,10/12/2020,5456,60461828,205.859
Italy,10/13/2020,4619,60461828,205.859
Italy,10/14/2020,5898,60461828,205.859
Italy,10/15/2020,7332,60461828,205.859
Italy,10/16/2020,8803,60461828,205.859
Italy,10/17/2020,10009,60461828,205.859
Italy,10/18/2020,10925,60461828,205.859
Italy,10/19/2020,11705,60461828,205.859
Italy,10/20/2020,9337,60461828,205.859
Italy,10/21/2020,10871,60461828,205.859
Italy,10/22/2020,15199,60461828,205.859
Italy,10/23/2020,16078,60461828,205.859
Italy,10/24/2020,19143,60461828,205.859
Italy,10/25/2020,19640,60461828,205.859
Italy,10/26/2020,21273,60461828,205.859
Italy,10/27/2020,17007,60461828,205.859
Italy,10/28/2020,21989,60461828,205.859
Italy,10/29/2020,24988,60461828,205.859
Italy,10/30/2020,26829,60461828,205.859
Italy,10/31/2020,31079,60461828,205.859
Italy,11/1/2020,31756,60461828,205.859
Italy,11/2/2020,29905,60461828,205.859
Italy,11/3/2020,22253,60461828,205.859
Italy,11/4/2020,28241,60461828,205.859
Italy,11/5/2020,30548,60461828,205.859
Italy,11/6/2020,34502,60461828,205.859
Italy,11/7/2020,37802,60461828,205.859
Portugal,3/15/2020,57,10196707,112.371
Portugal,3/16/2020,76,10196707,112.371
Portugal,3/17/2020,86,10196707,112.371
Portugal,3/18/2020,117,10196707,112.371
Portugal,3/19/2020,194,10196707,112.371
Portugal,3/20/2020,143,10196707,112.371
Portugal,3/21/2020,235,10196707,112.371
Portugal,3/22/2020,260,10196707,112.371
Portugal,3/23/2020,320,10196707,112.371
Portugal,3/24/2020,460,10196707,112.371
Portugal,3/25/2020,302,10196707,112.371
Portugal,3/26/2020,633,10196707,112.371
Portugal,3/27/2020,549,10196707,112.371
Portugal,3/28/2020,724,10196707,112.371
Portugal,3/29/2020,902,10196707,112.371
Portugal,3/30/2020,792,10196707,112.371
Portugal,3/31/2020,446,10196707,112.371
Portugal,4/1/2020,1035,10196707,112.371
Portugal,4/2/2020,808,10196707,112.371
Portugal,4/3/2020,783,10196707,112.371
Portugal,4/4/2020,852,10196707,112.371
Portugal,4/5/2020,638,10196707,112.371
Portugal,4/6/2020,754,10196707,112.371
Portugal,4/7/2020,452,10196707,112.371
Portugal,4/8/2020,712,10196707,112.371
Portugal,4/9/2020,699,10196707,112.371
Portugal,4/10/2020,815,10196707,112.371
Portugal,4/11/2020,1516,10196707,112.371
Portugal,4/12/2020,515,10196707,112.371
Portugal,4/13/2020,598,10196707,112.371
Portugal,4/14/2020,349,10196707,112.371
Portugal,4/15/2020,514,10196707,112.371
Portugal,4/16/2020,643,10196707,112.371
Portugal,4/17/2020,750,10196707,112.371
Portugal,4/18/2020,181,10196707,112.371
Portugal,4/19/2020,663,10196707,112.371
Portugal,4/20/2020,521,10196707,112.371
Portugal,4/21/2020,657,10196707,112.371
Portugal,4/22/2020,516,10196707,112.371
Portugal,4/23/2020,603,10196707,112.371
Portugal,4/24/2020,371,10196707,112.371
Portugal,4/25/2020,918,10196707,112.371
Portugal,4/26/2020,412,10196707,112.371
Portugal,4/27/2020,163,10196707,112.371
Portugal,4/28/2020,298,10196707,112.371
Portugal,4/29/2020,180,10196707,112.371
Portugal,4/30/2020,368,10196707,112.371
Portugal,5/1/2020,295,10196707,112.371
Portugal,5/2/2020,364,10196707,112.371
Portugal,5/3/2020,-161,10196707,112.371
Portugal,5/4/2020,334,10196707,112.371
Portugal,5/5/2020,0,10196707,112.371
Portugal,5/6/2020,178,10196707,112.371
Portugal,5/7/2020,480,10196707,112.371
Portugal,5/8/2020,533,10196707,112.371
Portugal,5/9/2020,553,10196707,112.371
Portugal,5/10/2020,138,10196707,112.371
Portugal,5/11/2020,175,10196707,112.371
Portugal,5/12/2020,98,10196707,112.371
Portugal,5/13/2020,234,10196707,112.371
Portugal,5/14/2020,219,10196707,112.371
Portugal,5/15/2020,187,10196707,112.371
Portugal,5/16/2020,264,10196707,112.371
Portugal,5/17/2020,227,10196707,112.371
Portugal,5/18/2020,226,10196707,112.371
Portugal,5/19/2020,173,10196707,112.371
Portugal,5/20/2020,223,10196707,112.371
Portugal,5/21/2020,228,10196707,112.371
Portugal,5/22/2020,252,10196707,112.371
Portugal,5/23/2020,288,10196707,112.371
Portugal,5/24/2020,271,10196707,112.371
Portugal,5/25/2020,152,10196707,112.371
Portugal,5/26/2020,165,10196707,112.371
Portugal,5/27/2020,219,10196707,112.371
Portugal,5/28/2020,285,10196707,112.371
Portugal,5/29/2020,304,10196707,112.371
Portugal,5/30/2020,350,10196707,112.371
Portugal,5/31/2020,257,10196707,112.371
Portugal,6/1/2020,297,10196707,112.371
Portugal,6/2/2020,200,10196707,112.371
Portugal,6/3/2020,195,10196707,112.371
Portugal,6/4/2020,366,10196707,112.371
Portugal,6/5/2020,331,10196707,112.371
Portugal,6/6/2020,377,10196707,112.371
Portugal,6/7/2020,382,10196707,112.371
Portugal,6/8/2020,142,10196707,112.371
Portugal,6/9/2020,392,10196707,112.371
Portugal,6/10/2020,421,10196707,112.371
Portugal,6/11/2020,294,10196707,112.371
Portugal,6/12/2020,310,10196707,112.371
Portugal,6/13/2020,270,10196707,112.371
Portugal,6/14/2020,283,10196707,112.371
Portugal,6/15/2020,227,10196707,112.371
Portugal,6/16/2020,346,10196707,112.371
Portugal,6/17/2020,300,10196707,112.371
Portugal,6/18/2020,336,10196707,112.371
Portugal,6/19/2020,417,10196707,112.371
Portugal,6/20/2020,375,10196707,112.371
Portugal,6/21/2020,377,10196707,112.371
Portugal,6/22/2020,292,10196707,112.371
Portugal,6/23/2020,259,10196707,112.371
Portugal,6/24/2020,345,10196707,112.371
Portugal,6/25/2020,367,10196707,112.371
Portugal,6/26/2020,311,10196707,112.371
Portugal,6/27/2020,451,10196707,112.371
Portugal,6/28/2020,323,10196707,112.371
Portugal,6/29/2020,457,10196707,112.371
Portugal,6/30/2020,266,10196707,112.371
Portugal,7/1/2020,229,10196707,112.371
Portugal,7/2/2020,313,10196707,112.371
Portugal,7/3/2020,328,10196707,112.371
Portugal,7/4/2020,374,10196707,112.371
Portugal,7/5/2020,413,10196707,112.371
Portugal,7/6/2020,328,10196707,112.371
Portugal,7/7/2020,232,10196707,112.371
Portugal,7/8/2020,287,10196707,112.371
Portugal,7/9/2020,443,10196707,112.371
Portugal,7/10/2020,418,10196707,112.371
Portugal,7/11/2020,402,10196707,112.371
Portugal,7/12/2020,542,10196707,112.371
Portugal,7/13/2020,291,10196707,112.371
Portugal,7/14/2020,306,10196707,112.371
Portugal,7/15/2020,233,10196707,112.371
Portugal,7/16/2020,375,10196707,112.371
Portugal,7/17/2020,339,10196707,112.371
Portugal,7/18/2020,312,10196707,112.371
Portugal,7/19/2020,313,10196707,112.371
Portugal,7/20/2020,246,10196707,112.371
Portugal,7/21/2020,135,10196707,112.371
Portugal,7/22/2020,127,10196707,112.371
Portugal,7/23/2020,252,10196707,112.371
Portugal,7/24/2020,229,10196707,112.371
Portugal,7/25/2020,313,10196707,112.371
Portugal,7/26/2020,263,10196707,112.371
Portugal,7/27/2020,209,10196707,112.371
Portugal,7/28/2020,135,10196707,112.371
Portugal,7/29/2020,111,10196707,112.371
Portugal,7/30/2020,203,10196707,112.371
Portugal,7/31/2020,255,10196707,112.371
Portugal,8/1/2020,204,10196707,112.371
Portugal,8/2/2020,238,10196707,112.371
Portugal,8/3/2020,153,10196707,112.371
Portugal,8/4/2020,106,10196707,112.371
Portugal,8/5/2020,112,10196707,112.371
Portugal,8/6/2020,167,10196707,112.371
Portugal,8/7/2020,213,10196707,112.371
Portugal,8/8/2020,290,10196707,112.371
Portugal,8/9/2020,186,10196707,112.371
Portugal,8/10/2020,131,10196707,112.371
Portugal,8/11/2020,157,10196707,112.371
Portugal,8/12/2020,120,10196707,112.371
Portugal,8/13/2020,278,10196707,112.371
Portugal,8/14/2020,325,10196707,112.371
Portugal,8/15/2020,235,10196707,112.371
Portugal,8/16/2020,198,10196707,112.371
Portugal,8/17/2020,121,10196707,112.371
Portugal,8/18/2020,132,10196707,112.371
Portugal,8/19/2020,214,10196707,112.371
Portugal,8/20/2020,253,10196707,112.371
Portugal,8/21/2020,291,10196707,112.371
Portugal,8/22/2020,219,10196707,112.371
Portugal,8/23/2020,241,10196707,112.371
Portugal,8/24/2020,145,10196707,112.371
Portugal,8/25/2020,123,10196707,112.371
Portugal,8/26/2020,192,10196707,112.371
Portugal,8/27/2020,362,10196707,112.371
Portugal,8/28/2020,399,10196707,112.371
Portugal,8/29/2020,401,10196707,112.371
Portugal,8/30/2020,374,10196707,112.371
Portugal,8/31/2020,320,10196707,112.371
Portugal,9/1/2020,244,10196707,112.371
Portugal,9/2/2020,231,10196707,112.371
Portugal,9/3/2020,390,10196707,112.371
Portugal,9/4/2020,418,10196707,112.371
Portugal,9/5/2020,406,10196707,112.371
Portugal,9/6/2020,486,10196707,112.371
Portugal,9/7/2020,315,10196707,112.371
Portugal,9/8/2020,249,10196707,112.371
Portugal,9/9/2020,388,10196707,112.371
Portugal,9/10/2020,646,10196707,112.371
Portugal,9/11/2020,585,10196707,112.371
Portugal,9/12/2020,687,10196707,112.371
Portugal,9/13/2020,497,10196707,112.371
Portugal,9/14/2020,673,10196707,112.371
Portugal,9/15/2020,613,10196707,112.371
Portugal,9/16/2020,425,10196707,112.371
Portugal,9/17/2020,605,10196707,112.371
Portugal,9/18/2020,770,10196707,112.371
Portugal,9/19/2020,780,10196707,112.371
Portugal,9/20/2020,849,10196707,112.371
Portugal,9/21/2020,552,10196707,112.371
Portugal,9/22/2020,623,10196707,112.371
Portugal,9/23/2020,463,10196707,112.371
Portugal,9/24/2020,802,10196707,112.371
Portugal,9/25/2020,691,10196707,112.371
Portugal,9/26/2020,899,10196707,112.371
Portugal,9/27/2020,884,10196707,112.371
Portugal,9/28/2020,665,10196707,112.371
Portugal,9/29/2020,425,10196707,112.371
Portugal,9/30/2020,688,10196707,112.371
Portugal,10/1/2020,825,10196707,112.371
Portugal,10/2/2020,854,10196707,112.371
Portugal,10/3/2020,888,10196707,112.371
Portugal,10/4/2020,963,10196707,112.371
Portugal,10/5/2020,0,10196707,112.371
Portugal,10/6/2020,1638,10196707,112.371
Portugal,10/7/2020,427,10196707,112.371
Portugal,10/8/2020,944,10196707,112.371
Portugal,10/9/2020,1278,10196707,112.371
Portugal,10/10/2020,1394,10196707,112.371
Portugal,10/11/2020,1646,10196707,112.371
Portugal,10/12/2020,1090,10196707,112.371
Portugal,10/13/2020,1249,10196707,112.371
Portugal,10/14/2020,1208,10196707,112.371
Portugal,10/15/2020,2072,10196707,112.371
Portugal,10/16/2020,2101,10196707,112.371
Portugal,10/17/2020,2608,10196707,112.371
Portugal,10/18/2020,2153,10196707,112.371
Portugal,10/19/2020,1856,10196707,112.371
Portugal,10/20/2020,1949,10196707,112.371
Portugal,10/21/2020,1876,10196707,112.371
Portugal,10/22/2020,2535,10196707,112.371
Portugal,10/23/2020,3270,10196707,112.371
Portugal,10/24/2020,2899,10196707,112.371
Portugal,10/25/2020,3669,10196707,112.371
Portugal,10/26/2020,2577,10196707,112.371
Portugal,10/27/2020,2447,10196707,112.371
Portugal,10/28/2020,3299,10196707,112.371
Portugal,10/29/2020,3960,10196707,112.371
Portugal,10/30/2020,4224,10196707,112.371
Portugal,10/31/2020,4656,10196707,112.371
Portugal,11/1/2020,4007,10196707,112.371
Portugal,11/2/2020,3062,10196707,112.371
Portugal,11/3/2020,2506,10196707,112.371
Portugal,11/4/2020,2596,10196707,112.371
Portugal,11/5/2020,7497,10196707,112.371
Portugal,11/6/2020,4410,10196707,112.371
Portugal,11/7/2020,5550,10196707,112.371
Spain,3/15/2020,2144,46754783,93.105
Spain,3/16/2020,1706,46754783,93.105
Spain,3/17/2020,2503,46754783,93.105
Spain,3/18/2020,3694,46754783,93.105
Spain,3/19/2020,4047,46754783,93.105
Spain,3/20/2020,4569,46754783,93.105
Spain,3/21/2020,5446,46754783,93.105
Spain,3/22/2020,4866,46754783,93.105
Spain,3/23/2020,4646,46754783,93.105
Spain,3/24/2020,7691,46754783,93.105
Spain,3/25/2020,8553,46754783,93.105
Spain,3/26/2020,8954,46754783,93.105
Spain,3/27/2020,9181,46754783,93.105
Spain,3/28/2020,8244,46754783,93.105
Spain,3/29/2020,6424,46754783,93.105
Spain,3/30/2020,5813,46754783,93.105
Spain,3/31/2020,8145,46754783,93.105
Spain,4/1/2020,7413,46754783,93.105
Spain,4/2/2020,7583,46754783,93.105
Spain,4/3/2020,7272,46754783,93.105
Spain,4/4/2020,6663,46754783,93.105
Spain,4/5/2020,5533,46754783,93.105
Spain,4/6/2020,3667,46754783,93.105
Spain,4/7/2020,5209,46754783,93.105
Spain,4/8/2020,5583,46754783,93.105
Spain,4/9/2020,5745,46754783,93.105
Spain,4/10/2020,4537,46754783,93.105
Spain,4/11/2020,4550,46754783,93.105
Spain,4/12/2020,3899,46754783,93.105
Spain,4/13/2020,3030,46754783,93.105
Spain,4/14/2020,3116,46754783,93.105
Spain,4/15/2020,4424,46754783,93.105
Spain,4/16/2020,3820,46754783,93.105
Spain,4/17/2020,3818,46754783,93.105
Spain,4/18/2020,3836,46754783,93.105
Spain,4/19/2020,-713,46754783,93.105
Spain,4/20/2020,2218,46754783,93.105
Spain,4/21/2020,2951,46754783,93.105
Spain,4/22/2020,2312,46754783,93.105
Spain,4/23/2020,2916,46754783,93.105
Spain,4/24/2020,2114,46754783,93.105
Spain,4/25/2020,2506,46754783,93.105
Spain,4/26/2020,1641,46754783,93.105
Spain,4/27/2020,1660,46754783,93.105
Spain,4/28/2020,1525,46754783,93.105
Spain,4/29/2020,847,46754783,93.105
Spain,4/30/2020,1241,46754783,93.105
Spain,5/1/2020,1387,46754783,93.105
Spain,5/2/2020,1234,46754783,93.105
Spain,5/3/2020,935,46754783,93.105
Spain,5/4/2020,466,46754783,93.105
Spain,5/5/2020,1039,46754783,93.105
Spain,5/6/2020,880,46754783,93.105
Spain,5/7/2020,921,46754783,93.105
Spain,5/8/2020,1173,46754783,93.105
Spain,5/9/2020,743,46754783,93.105
Spain,5/10/2020,3416,46754783,93.105
Spain,5/11/2020,393,46754783,93.105
Spain,5/12/2020,482,46754783,93.105
Spain,5/13/2020,439,46754783,93.105
Spain,5/14/2020,849,46754783,93.105
Spain,5/15/2020,643,46754783,93.105
Spain,5/16/2020,515,46754783,93.105
Spain,5/17/2020,652,46754783,93.105
Spain,5/18/2020,256,46754783,93.105
Spain,5/19/2020,431,46754783,93.105
Spain,5/20/2020,518,46754783,93.105
Spain,5/21/2020,482,46754783,93.105
Spain,5/22/2020,1787,46754783,93.105
Spain,5/23/2020,466,46754783,93.105
Spain,5/24/2020,482,46754783,93.105
Spain,5/25/2020,-372,46754783,93.105
Spain,5/26/2020,859,46754783,93.105
Spain,5/27/2020,510,46754783,93.105
Spain,5/28/2020,1137,46754783,93.105
Spain,5/29/2020,658,46754783,93.105
Spain,5/30/2020,664,46754783,93.105
Spain,5/31/2020,201,46754783,93.105
Spain,6/1/2020,209,46754783,93.105
Spain,6/2/2020,294,46754783,93.105
Spain,6/3/2020,394,46754783,93.105
Spain,6/4/2020,334,46754783,93.105
Spain,6/5/2020,318,46754783,93.105
Spain,6/6/2020,332,46754783,93.105
Spain,6/7/2020,240,46754783,93.105
Spain,6/8/2020,167,46754783,93.105
Spain,6/9/2020,249,46754783,93.105
Spain,6/10/2020,314,46754783,93.105
Spain,6/11/2020,427,46754783,93.105
Spain,6/12/2020,502,46754783,93.105
Spain,6/13/2020,396,46754783,93.105
Spain,6/14/2020,323,46754783,93.105
Spain,6/15/2020,181,46754783,93.105
Spain,6/16/2020,219,46754783,93.105
Spain,6/17/2020,355,46754783,93.105
Spain,6/18/2020,585,46754783,93.105
Spain,6/19/2020,307,46754783,93.105
Spain,6/20/2020,363,46754783,93.105
Spain,6/21/2020,334,46754783,93.105
Spain,6/22/2020,232,46754783,93.105
Spain,6/23/2020,248,46754783,93.105
Spain,6/24/2020,334,46754783,93.105
Spain,6/25/2020,400,46754783,93.105
Spain,6/26/2020,419,46754783,93.105
Spain,6/27/2020,564,46754783,93.105
Spain,6/28/2020,301,46754783,93.105
Spain,6/29/2020,200,46754783,93.105
Spain,6/30/2020,301,46754783,93.105
Spain,7/1/2020,388,46754783,93.105
Spain,7/2/2020,444,46754783,93.105
Spain,7/3/2020,442,46754783,93.105
Spain,7/4/2020,0,46754783,93.105
Spain,7/5/2020,0,46754783,93.105
Spain,7/6/2020,1244,46754783,93.105
Spain,7/7/2020,341,46754783,93.105
Spain,7/8/2020,383,46754783,93.105
Spain,7/9/2020,543,46754783,93.105
Spain,7/10/2020,852,46754783,93.105
Spain,7/11/2020,0,46754783,93.105
Spain,7/12/2020,0,46754783,93.105
Spain,7/13/2020,2045,46754783,93.105
Spain,7/14/2020,666,46754783,93.105
Spain,7/15/2020,875,46754783,93.105
Spain,7/16/2020,1361,46754783,93.105
Spain,7/17/2020,1400,46754783,93.105
Spain,7/18/2020,0,46754783,93.105
Spain,7/19/2020,0,46754783,93.105
Spain,7/20/2020,4581,46754783,93.105
Spain,7/21/2020,1358,46754783,93.105
Spain,7/22/2020,1357,46754783,93.105
Spain,7/23/2020,2615,46754783,93.105
Spain,7/24/2020,2255,46754783,93.105
Spain,7/25/2020,0,46754783,93.105
Spain,7/26/2020,0,46754783,93.105
Spain,7/27/2020,6361,46754783,93.105
Spain,7/28/2020,1828,46754783,93.105
Spain,7/29/2020,2031,46754783,93.105
Spain,7/30/2020,2789,46754783,93.105
Spain,7/31/2020,3092,46754783,93.105
Spain,8/1/2020,0,46754783,93.105
Spain,8/2/2020,0,46754783,93.105
Spain,8/3/2020,8532,46754783,93.105
Spain,8/4/2020,5760,46754783,93.105
Spain,8/5/2020,2953,46754783,93.105
Spain,8/6/2020,4088,46754783,93.105
Spain,8/7/2020,4507,46754783,93.105
Spain,8/8/2020,0,46754783,93.105
Spain,8/9/2020,0,46754783,93.105
Spain,8/10/2020,8618,46754783,93.105
Spain,8/11/2020,3632,46754783,93.105
Spain,8/12/2020,3172,46754783,93.105
Spain,8/13/2020,7550,46754783,93.105
Spain,8/14/2020,5479,46754783,93.105
Spain,8/15/2020,0,46754783,93.105
Spain,8/16/2020,0,46754783,93.105
Spain,8/17/2020,16269,46754783,93.105
Spain,8/18/2020,5114,46754783,93.105
Spain,8/19/2020,6671,46754783,93.105
Spain,8/20/2020,7039,46754783,93.105
Spain,8/21/2020,8148,46754783,93.105
Spain,8/22/2020,0,46754783,93.105
Spain,8/23/2020,0,46754783,93.105
Spain,8/24/2020,19382,46754783,93.105
Spain,8/25/2020,7117,46754783,93.105
Spain,8/26/2020,7296,46754783,93.105
Spain,8/27/2020,9658,46754783,93.105
Spain,8/28/2020,9779,46754783,93.105
Spain,8/29/2020,0,46754783,93.105
Spain,8/30/2020,0,46754783,93.105
Spain,8/31/2020,23572,46754783,93.105
Spain,9/1/2020,8115,46754783,93.105
Spain,9/2/2020,8581,46754783,93.105
Spain,9/3/2020,8959,46754783,93.105
Spain,9/4/2020,10476,46754783,93.105
Spain,9/5/2020,0,46754783,93.105
Spain,9/6/2020,0,46754783,93.105
Spain,9/7/2020,26560,46754783,93.105
Spain,9/8/2020,8964,46754783,93.105
Spain,9/9/2020,8866,46754783,93.105
Spain,9/10/2020,10764,46754783,93.105
Spain,9/11/2020,12183,46754783,93.105
Spain,9/12/2020,0,46754783,93.105
Spain,9/13/2020,0,46754783,93.105
Spain,9/14/2020,27404,46754783,93.105
Spain,9/15/2020,9437,46754783,93.105
Spain,9/16/2020,11193,46754783,93.105
Spain,9/17/2020,11291,46754783,93.105
Spain,9/18/2020,14389,46754783,93.105
Spain,9/19/2020,0,46754783,93.105
Spain,9/20/2020,0,46754783,93.105
Spain,9/21/2020,31428,46754783,93.105
Spain,9/22/2020,10799,46754783,93.105
Spain,9/23/2020,11289,46754783,93.105
Spain,9/24/2020,10653,46754783,93.105
Spain,9/25/2020,12272,46754783,93.105
Spain,9/26/2020,0,46754783,93.105
Spain,9/27/2020,0,46754783,93.105
Spain,9/28/2020,31785,46754783,93.105
Spain,9/29/2020,9906,46754783,93.105
Spain,9/30/2020,11016,46754783,93.105
Spain,10/1/2020,9419,46754783,93.105
Spain,10/2/2020,11325,46754783,93.105
Spain,10/3/2020,0,46754783,93.105
Spain,10/4/2020,0,46754783,93.105
Spain,10/5/2020,23480,46754783,93.105
Spain,10/6/2020,11998,46754783,93.105
Spain,10/7/2020,10491,46754783,93.105
Spain,10/8/2020,12423,46754783,93.105
Spain,10/9/2020,12788,46754783,93.105
Spain,10/10/2020,0,46754783,93.105
Spain,10/11/2020,0,46754783,93.105
Spain,10/12/2020,27856,46754783,93.105
Spain,10/13/2020,7118,46754783,93.105
Spain,10/14/2020,11970,46754783,93.105
Spain,10/15/2020,13318,46754783,93.105
Spain,10/16/2020,15186,46754783,93.105
Spain,10/17/2020,0,46754783,93.105
Spain,10/18/2020,0,46754783,93.105
Spain,10/19/2020,37889,46754783,93.105
Spain,10/20/2020,13873,46754783,93.105
Spain,10/21/2020,16973,46754783,93.105
Spain,10/22/2020,20986,46754783,93.105
Spain,10/23/2020,19851,46754783,93.105
Spain,10/24/2020,0,46754783,93.105
Spain,10/25/2020,0,46754783,93.105
Spain,10/26/2020,52188,46754783,93.105
Spain,10/27/2020,18418,46754783,93.105
Spain,10/28/2020,19765,46754783,93.105
Spain,10/29/2020,23580,46754783,93.105
Spain,10/30/2020,25595,46754783,93.105
Spain,10/31/2020,0,46754783,93.105
Spain,11/1/2020,0,46754783,93.105
Spain,11/2/2020,55019,46754783,93.105
Spain,11/3/2020,18669,46754783,93.105
Spain,11/4/2020,25042,46754783,93.105
Spain,11/5/2020,21908,46754783,93.105
Spain,11/6/2020,22516,46754783,93.105
Spain,11/7/2020,0,46754783,93.105
Switzerland,3/15/2020,238,8654618,214.243
Switzerland,3/16/2020,841,8654618,214.243
Switzerland,3/17/2020,0,8654618,214.243
Switzerland,3/18/2020,450,8654618,214.243
Switzerland,3/19/2020,353,8654618,214.243
Switzerland,3/20/2020,860,8654618,214.243
Switzerland,3/21/2020,943,8654618,214.243
Switzerland,3/22/2020,1271,8654618,214.243
Switzerland,3/23/2020,894,8654618,214.243
Switzerland,3/24/2020,1044,8654618,214.243
Switzerland,3/25/2020,774,8654618,214.243
Switzerland,3/26/2020,925,8654618,214.243
Switzerland,3/27/2020,1000,8654618,214.243
Switzerland,3/28/2020,1390,8654618,214.243
Switzerland,3/29/2020,1048,8654618,214.243
Switzerland,3/30/2020,1122,8654618,214.243
Switzerland,3/31/2020,1138,8654618,214.243
Switzerland,4/1/2020,696,8654618,214.243
Switzerland,4/2/2020,962,8654618,214.243
Switzerland,4/3/2020,1124,8654618,214.243
Switzerland,4/4/2020,1033,8654618,214.243
Switzerland,4/5/2020,974,8654618,214.243
Switzerland,4/6/2020,821,8654618,214.243
Switzerland,4/7/2020,552,8654618,214.243
Switzerland,4/8/2020,590,8654618,214.243
Switzerland,4/9/2020,546,8654618,214.243
Switzerland,4/10/2020,785,8654618,214.243
Switzerland,4/11/2020,733,8654618,214.243
Switzerland,4/12/2020,592,8654618,214.243
Switzerland,4/13/2020,400,8654618,214.243
Switzerland,4/14/2020,279,8654618,214.243
Switzerland,4/15/2020,254,8654618,214.243
Switzerland,4/16/2020,583,8654618,214.243
Switzerland,4/17/2020,315,8654618,214.243
Switzerland,4/18/2020,346,8654618,214.243
Switzerland,4/19/2020,325,8654618,214.243
Switzerland,4/20/2020,336,8654618,214.243
Switzerland,4/21/2020,168,8654618,214.243
Switzerland,4/22/2020,155,8654618,214.243
Switzerland,4/23/2020,205,8654618,214.243
Switzerland,4/24/2020,228,8654618,214.243
Switzerland,4/25/2020,181,8654618,214.243
Switzerland,4/26/2020,216,8654618,214.243
Switzerland,4/27/2020,167,8654618,214.243
Switzerland,4/28/2020,103,8654618,214.243
Switzerland,4/29/2020,100,8654618,214.243
Switzerland,4/30/2020,143,8654618,214.243
Switzerland,5/1/2020,179,8654618,214.243
Switzerland,5/2/2020,119,8654618,214.243
Switzerland,5/3/2020,112,8654618,214.243
Switzerland,5/4/2020,88,8654618,214.243
Switzerland,5/5/2020,76,8654618,214.243
Switzerland,5/6/2020,28,8654618,214.243
Switzerland,5/7/2020,51,8654618,214.243
Switzerland,5/8/2020,66,8654618,214.243
Switzerland,5/9/2020,81,8654618,214.243
Switzerland,5/10/2020,44,8654618,214.243
Switzerland,5/11/2020,54,8654618,214.243
Switzerland,5/12/2020,39,8654618,214.243
Switzerland,5/13/2020,36,8654618,214.243
Switzerland,5/14/2020,33,8654618,214.243
Switzerland,5/15/2020,50,8654618,214.243
Switzerland,5/16/2020,51,8654618,214.243
Switzerland,5/17/2020,58,8654618,214.243
Switzerland,5/18/2020,15,8654618,214.243
Switzerland,5/19/2020,10,8654618,214.243
Switzerland,5/20/2020,21,8654618,214.243
Switzerland,5/21/2020,40,8654618,214.243
Switzerland,5/22/2020,36,8654618,214.243
Switzerland,5/23/2020,13,8654618,214.243
Switzerland,5/24/2020,18,8654618,214.243
Switzerland,5/25/2020,11,8654618,214.243
Switzerland,5/26/2020,10,8654618,214.243
Switzerland,5/27/2020,15,8654618,214.243
Switzerland,5/28/2020,0,8654618,214.243
Switzerland,5/29/2020,35,8654618,214.243
Switzerland,5/30/2020,32,8654618,214.243
Switzerland,5/31/2020,17,8654618,214.243
Switzerland,6/1/2020,17,8654618,214.243
Switzerland,6/2/2020,9,8654618,214.243
Switzerland,6/3/2020,3,8654618,214.243
Switzerland,6/4/2020,19,8654618,214.243
Switzerland,6/5/2020,20,8654618,214.243
Switzerland,6/6/2020,23,8654618,214.243
Switzerland,6/7/2020,20,8654618,214.243
Switzerland,6/8/2020,9,8654618,214.243
Switzerland,6/9/2020,7,8654618,214.243
Switzerland,6/10/2020,16,8654618,214.243
Switzerland,6/11/2020,23,8654618,214.243
Switzerland,6/12/2020,33,8654618,214.243
Switzerland,6/13/2020,19,8654618,214.243
Switzerland,6/14/2020,31,8654618,214.243
Switzerland,6/15/2020,23,8654618,214.243
Switzerland,6/16/2020,14,8654618,214.243
Switzerland,6/17/2020,15,8654618,214.243
Switzerland,6/18/2020,37,8654618,214.243
Switzerland,6/19/2020,17,8654618,214.243
Switzerland,6/20/2020,92,8654618,214.243
Switzerland,6/21/2020,0,8654618,214.243
Switzerland,6/22/2020,0,8654618,214.243
Switzerland,6/23/2020,18,8654618,214.243
Switzerland,6/24/2020,22,8654618,214.243
Switzerland,6/25/2020,44,8654618,214.243
Switzerland,6/26/2020,52,8654618,214.243
Switzerland,6/27/2020,58,8654618,214.243
Switzerland,6/28/2020,69,8654618,214.243
Switzerland,6/29/2020,62,8654618,214.243
Switzerland,6/30/2020,35,8654618,214.243
Switzerland,7/1/2020,62,8654618,214.243
Switzerland,7/2/2020,220,8654618,214.243
Switzerland,7/3/2020,33,8654618,214.243
Switzerland,7/4/2020,133,8654618,214.243
Switzerland,7/5/2020,97,8654618,214.243
Switzerland,7/6/2020,70,8654618,214.243
Switzerland,7/7/2020,46,8654618,214.243
Switzerland,7/8/2020,54,8654618,214.243
Switzerland,7/9/2020,129,8654618,214.243
Switzerland,7/10/2020,88,8654618,214.243
Switzerland,7/11/2020,104,8654618,214.243
Switzerland,7/12/2020,108,8654618,214.243
Switzerland,7/13/2020,85,8654618,214.243
Switzerland,7/14/2020,63,8654618,214.243
Switzerland,7/15/2020,70,8654618,214.243
Switzerland,7/16/2020,132,8654618,214.243
Switzerland,7/17/2020,142,8654618,214.243
Switzerland,7/18/2020,91,8654618,214.243
Switzerland,7/19/2020,110,8654618,214.243
Switzerland,7/20/2020,98,8654618,214.243
Switzerland,7/21/2020,43,8654618,214.243
Switzerland,7/22/2020,108,8654618,214.243
Switzerland,7/23/2020,141,8654618,214.243
Switzerland,7/24/2020,117,8654618,214.243
Switzerland,7/25/2020,154,8654618,214.243
Switzerland,7/26/2020,148,8654618,214.243
Switzerland,7/27/2020,110,8654618,214.243
Switzerland,7/28/2020,65,8654618,214.243
Switzerland,7/29/2020,132,8654618,214.243
Switzerland,7/30/2020,192,8654618,214.243
Switzerland,7/31/2020,219,8654618,214.243
Switzerland,8/1/2020,137,8654618,214.243
Switzerland,8/2/2020,342,8654618,214.243
Switzerland,8/3/2020,49,8654618,214.243
Switzerland,8/4/2020,66,8654618,214.243
Switzerland,8/5/2020,130,8654618,214.243
Switzerland,8/6/2020,181,8654618,214.243
Switzerland,8/7/2020,181,8654618,214.243
Switzerland,8/8/2020,161,8654618,214.243
Switzerland,8/9/2020,182,8654618,214.243
Switzerland,8/10/2020,152,8654618,214.243
Switzerland,8/11/2020,105,8654618,214.243
Switzerland,8/12/2020,187,8654618,214.243
Switzerland,8/13/2020,273,8654618,214.243
Switzerland,8/14/2020,233,8654618,214.243
Switzerland,8/15/2020,268,8654618,214.243
Switzerland,8/16/2020,251,8654618,214.243
Switzerland,8/17/2020,200,8654618,214.243
Switzerland,8/18/2020,125,8654618,214.243
Switzerland,8/19/2020,196,8654618,214.243
Switzerland,8/20/2020,310,8654618,214.243
Switzerland,8/21/2020,264,8654618,214.243
Switzerland,8/22/2020,306,8654618,214.243
Switzerland,8/23/2020,294,8654618,214.243
Switzerland,8/24/2020,276,8654618,214.243
Switzerland,8/25/2020,157,8654618,214.243
Switzerland,8/26/2020,202,8654618,214.243
Switzerland,8/27/2020,379,8654618,214.243
Switzerland,8/28/2020,360,8654618,214.243
Switzerland,8/29/2020,340,8654618,214.243
Switzerland,8/30/2020,375,8654618,214.243
Switzerland,8/31/2020,291,8654618,214.243
Switzerland,9/1/2020,163,8654618,214.243
Switzerland,9/2/2020,216,8654618,214.243
Switzerland,9/3/2020,370,8654618,214.243
Switzerland,9/4/2020,472,8654618,214.243
Switzerland,9/5/2020,297,8654618,214.243
Switzerland,9/6/2020,425,8654618,214.243
Switzerland,9/7/2020,444,8654618,214.243
Switzerland,9/8/2020,191,8654618,214.243
Switzerland,9/9/2020,245,8654618,214.243
Switzerland,9/10/2020,468,8654618,214.243
Switzerland,9/11/2020,405,8654618,214.243
Switzerland,9/12/2020,528,8654618,214.243
Switzerland,9/13/2020,465,8654618,214.243
Switzerland,9/14/2020,473,8654618,214.243
Switzerland,9/15/2020,257,8654618,214.243
Switzerland,9/16/2020,315,8654618,214.243
Switzerland,9/17/2020,514,8654618,214.243
Switzerland,9/18/2020,530,8654618,214.243
Switzerland,9/19/2020,487,8654618,214.243
Switzerland,9/20/2020,0,8654618,214.243
Switzerland,9/21/2020,0,8654618,214.243
Switzerland,9/22/2020,1093,8654618,214.243
Switzerland,9/23/2020,284,8654618,214.243
Switzerland,9/24/2020,436,8654618,214.243
Switzerland,9/25/2020,508,8654618,214.243
Switzerland,9/26/2020,255,8654618,214.243
Switzerland,9/27/2020,117,8654618,214.243
Switzerland,9/28/2020,0,8654618,214.243
Switzerland,9/29/2020,664,8654618,214.243
Switzerland,9/30/2020,223,8654618,214.243
Switzerland,10/1/2020,411,8654618,214.243
Switzerland,10/2/2020,550,8654618,214.243
Switzerland,10/3/2020,551,8654618,214.243
Switzerland,10/4/2020,0,8654618,214.243
Switzerland,10/5/2020,0,8654618,214.243
Switzerland,10/6/2020,1540,8654618,214.243
Switzerland,10/7/2020,699,8654618,214.243
Switzerland,10/8/2020,0,8654618,214.243
Switzerland,10/9/2020,2243,8654618,214.243
Switzerland,10/10/2020,1485,8654618,214.243
Switzerland,10/11/2020,0,8654618,214.243
Switzerland,10/12/2020,0,8654618,214.243
Switzerland,10/13/2020,4057,8654618,214.243
Switzerland,10/14/2020,1439,8654618,214.243
Switzerland,10/15/2020,2724,8654618,214.243
Switzerland,10/16/2020,2690,8654618,214.243
Switzerland,10/17/2020,3087,8654618,214.243
Switzerland,10/18/2020,0,8654618,214.243
Switzerland,10/19/2020,195,8654618,214.243
Switzerland,10/20/2020,8737,8654618,214.243
Switzerland,10/21/2020,3008,8654618,214.243
Switzerland,10/22/2020,5596,8654618,214.243
Switzerland,10/23/2020,4968,8654618,214.243
Switzerland,10/24/2020,6592,8654618,214.243
Switzerland,10/25/2020,0,8654618,214.243
Switzerland,10/26/2020,0,8654618,214.243
Switzerland,10/27/2020,17357,8654618,214.243
Switzerland,10/28/2020,6362,8654618,214.243
Switzerland,10/29/2020,8155,8654618,214.243
Switzerland,10/30/2020,9361,8654618,214.243
Switzerland,10/31/2020,9170,8654618,214.243
Switzerland,11/1/2020,0,8654618,214.243
Switzerland,11/2/2020,0,8654618,214.243
Switzerland,11/3/2020,21842,8654618,214.243
Switzerland,11/4/2020,6090,8654618,214.243
Switzerland,11/5/2020,10043,8654618,214.243
Switzerland,11/6/2020,10098,8654618,214.243
Switzerland,11/7/2020,9359,8654618,214.243
United Kingdom,3/15/2020,478,67886004,272.898
United Kingdom,3/16/2020,361,67886004,272.898
United Kingdom,3/17/2020,442,67886004,272.898
United Kingdom,3/18/2020,611,67886004,272.898
United Kingdom,3/19/2020,769,67886004,272.898
United Kingdom,3/20/2020,999,67886004,272.898
United Kingdom,3/21/2020,1055,67886004,272.898
United Kingdom,3/22/2020,1255,67886004,272.898
United Kingdom,3/23/2020,1198,67886004,272.898
United Kingdom,3/24/2020,1378,67886004,272.898
United Kingdom,3/25/2020,2338,67886004,272.898
United Kingdom,3/26/2020,2375,67886004,272.898
United Kingdom,3/27/2020,2692,67886004,272.898
United Kingdom,3/28/2020,3087,67886004,272.898
United Kingdom,3/29/2020,3197,67886004,272.898
United Kingdom,3/30/2020,2822,67886004,272.898
United Kingdom,3/31/2020,2858,67886004,272.898
United Kingdom,4/1/2020,4273,67886004,272.898
United Kingdom,4/2/2020,4514,67886004,272.898
United Kingdom,4/3/2020,4913,67886004,272.898
United Kingdom,4/4/2020,4868,67886004,272.898
United Kingdom,4/5/2020,4911,67886004,272.898
United Kingdom,4/6/2020,4020,67886004,272.898
United Kingdom,4/7/2020,3592,67886004,272.898
United Kingdom,4/8/2020,5282,67886004,272.898
United Kingdom,4/9/2020,5450,67886004,272.898
United Kingdom,4/10/2020,5131,67886004,272.898
United Kingdom,4/11/2020,4858,67886004,272.898
United Kingdom,4/12/2020,4313,67886004,272.898
United Kingdom,4/13/2020,3579,67886004,272.898
United Kingdom,4/14/2020,3489,67886004,272.898
United Kingdom,4/15/2020,4178,67886004,272.898
United Kingdom,4/16/2020,4326,67886004,272.898
United Kingdom,4/17/2020,5065,67886004,272.898
United Kingdom,4/18/2020,5292,67886004,272.898
United Kingdom,4/19/2020,4956,67886004,272.898
United Kingdom,4/20/2020,4721,67886004,272.898
United Kingdom,4/21/2020,3853,67886004,272.898
United Kingdom,4/22/2020,4854,67886004,272.898
United Kingdom,4/23/2020,4760,67886004,272.898
United Kingdom,4/24/2020,5487,67886004,272.898
United Kingdom,4/25/2020,5158,67886004,272.898
United Kingdom,4/26/2020,4970,67886004,272.898
United Kingdom,4/27/2020,3748,67886004,272.898
United Kingdom,4/28/2020,3473,67886004,272.898
United Kingdom,4/29/2020,4706,67886004,272.898
United Kingdom,4/30/2020,4729,67886004,272.898
United Kingdom,5/1/2020,5442,67886004,272.898
United Kingdom,5/2/2020,4966,67886004,272.898
United Kingdom,5/3/2020,4737,67886004,272.898
United Kingdom,5/4/2020,3229,67886004,272.898
United Kingdom,5/5/2020,2982,67886004,272.898
United Kingdom,5/6/2020,3389,67886004,272.898
United Kingdom,5/7/2020,3682,67886004,272.898
United Kingdom,5/8/2020,3827,67886004,272.898
United Kingdom,5/9/2020,3767,67886004,272.898
United Kingdom,5/10/2020,3063,67886004,272.898
United Kingdom,5/11/2020,2157,67886004,272.898
United Kingdom,5/12/2020,2329,67886004,272.898
United Kingdom,5/13/2020,3586,67886004,272.898
United Kingdom,5/14/2020,3402,67886004,272.898
United Kingdom,5/15/2020,3307,67886004,272.898
United Kingdom,5/16/2020,2628,67886004,272.898
United Kingdom,5/17/2020,2526,67886004,272.898
United Kingdom,5/18/2020,2079,67886004,272.898
United Kingdom,5/19/2020,1838,67886004,272.898
United Kingdom,5/20/2020,2589,67886004,272.898
United Kingdom,5/21/2020,3052,67886004,272.898
United Kingdom,5/22/2020,2718,67886004,272.898
United Kingdom,5/23/2020,2574,67886004,272.898
United Kingdom,5/24/2020,2062,67886004,272.898
United Kingdom,5/25/2020,1527,67886004,272.898
United Kingdom,5/26/2020,1364,67886004,272.898
United Kingdom,5/27/2020,1624,67886004,272.898
United Kingdom,5/28/2020,1672,67886004,272.898
United Kingdom,5/29/2020,1835,67886004,272.898
United Kingdom,5/30/2020,1760,67886004,272.898
United Kingdom,5/31/2020,1527,67886004,272.898
United Kingdom,6/1/2020,1125,67886004,272.898
United Kingdom,6/2/2020,1079,67886004,272.898
United Kingdom,6/3/2020,1441,67886004,272.898
United Kingdom,6/4/2020,1484,67886004,272.898
United Kingdom,6/5/2020,1356,67886004,272.898
United Kingdom,6/6/2020,1243,67886004,272.898
United Kingdom,6/7/2020,1120,67886004,272.898
United Kingdom,6/8/2020,801,67886004,272.898
United Kingdom,6/9/2020,721,67886004,272.898
United Kingdom,6/10/2020,1099,67886004,272.898
United Kingdom,6/11/2020,1158,67886004,272.898
United Kingdom,6/12/2020,1199,67886004,272.898
United Kingdom,6/13/2020,1017,67886004,272.898
United Kingdom,6/14/2020,1052,67886004,272.898
United Kingdom,6/15/2020,890,67886004,272.898
United Kingdom,6/16/2020,822,67886004,272.898
United Kingdom,6/17/2020,1043,67886004,272.898
United Kingdom,6/18/2020,1102,67886004,272.898
United Kingdom,6/19/2020,1013,67886004,272.898
United Kingdom,6/20/2020,1027,67886004,272.898
United Kingdom,6/21/2020,986,67886004,272.898
United Kingdom,6/22/2020,687,67886004,272.898
United Kingdom,6/23/2020,639,67886004,272.898
United Kingdom,6/24/2020,896,67886004,272.898
United Kingdom,6/25/2020,886,67886004,272.898
United Kingdom,6/26/2020,778,67886004,272.898
United Kingdom,6/27/2020,721,67886004,272.898
United Kingdom,6/28/2020,671,67886004,272.898
United Kingdom,6/29/2020,649,67886004,272.898
United Kingdom,6/30/2020,446,67886004,272.898
United Kingdom,7/1/2020,730,67886004,272.898
United Kingdom,7/2/2020,617,67886004,272.898
United Kingdom,7/3/2020,651,67886004,272.898
United Kingdom,7/4/2020,602,67886004,272.898
United Kingdom,7/5/2020,579,67886004,272.898
United Kingdom,7/6/2020,401,67886004,272.898
United Kingdom,7/7/2020,555,67886004,272.898
United Kingdom,7/8/2020,704,67886004,272.898
United Kingdom,7/9/2020,597,67886004,272.898
United Kingdom,7/10/2020,693,67886004,272.898
United Kingdom,7/11/2020,715,67886004,272.898
United Kingdom,7/12/2020,565,67886004,272.898
United Kingdom,7/13/2020,442,67886004,272.898
United Kingdom,7/14/2020,361,67886004,272.898
United Kingdom,7/15/2020,726,67886004,272.898
United Kingdom,7/16/2020,685,67886004,272.898
United Kingdom,7/17/2020,772,67886004,272.898
United Kingdom,7/18/2020,704,67886004,272.898
United Kingdom,7/19/2020,569,67886004,272.898
United Kingdom,7/20/2020,493,67886004,272.898
United Kingdom,7/21/2020,413,67886004,272.898
United Kingdom,7/22/2020,793,67886004,272.898
United Kingdom,7/23/2020,751,67886004,272.898
United Kingdom,7/24/2020,773,67886004,272.898
United Kingdom,7/25/2020,731,67886004,272.898
United Kingdom,7/26/2020,667,67886004,272.898
United Kingdom,7/27/2020,421,67886004,272.898
United Kingdom,7/28/2020,371,67886004,272.898
United Kingdom,7/29/2020,70,67886004,272.898
United Kingdom,7/30/2020,763,67886004,272.898
United Kingdom,7/31/2020,846,67886004,272.898
United Kingdom,8/1/2020,880,67886004,272.898
United Kingdom,8/2/2020,771,67886004,272.898
United Kingdom,8/3/2020,743,67886004,272.898
United Kingdom,8/4/2020,928,67886004,272.898
United Kingdom,8/5/2020,670,67886004,272.898
United Kingdom,8/6/2020,891,67886004,272.898
United Kingdom,8/7/2020,950,67886004,272.898
United Kingdom,8/8/2020,871,67886004,272.898
United Kingdom,8/9/2020,758,67886004,272.898
United Kingdom,8/10/2020,1062,67886004,272.898
United Kingdom,8/11/2020,816,67886004,272.898
United Kingdom,8/12/2020,1148,67886004,272.898
United Kingdom,8/13/2020,1009,67886004,272.898
United Kingdom,8/14/2020,1129,67886004,272.898
United Kingdom,8/15/2020,1440,67886004,272.898
United Kingdom,8/16/2020,1077,67886004,272.898
United Kingdom,8/17/2020,1040,67886004,272.898
United Kingdom,8/18/2020,713,67886004,272.898
United Kingdom,8/19/2020,1089,67886004,272.898
United Kingdom,8/20/2020,812,67886004,272.898
United Kingdom,8/21/2020,1182,67886004,272.898
United Kingdom,8/22/2020,1033,67886004,272.898
United Kingdom,8/23/2020,1288,67886004,272.898
United Kingdom,8/24/2020,1041,67886004,272.898
United Kingdom,8/25/2020,972,67886004,272.898
United Kingdom,8/26/2020,1184,67886004,272.898
United Kingdom,8/27/2020,1048,67886004,272.898
United Kingdom,8/28/2020,1522,67886004,272.898
United Kingdom,8/29/2020,1276,67886004,272.898
United Kingdom,8/30/2020,1108,67886004,272.898
United Kingdom,8/31/2020,1715,67886004,272.898
United Kingdom,9/1/2020,1406,67886004,272.898
United Kingdom,9/2/2020,1295,67886004,272.898
United Kingdom,9/3/2020,1508,67886004,272.898
United Kingdom,9/4/2020,1735,67886004,272.898
United Kingdom,9/5/2020,1940,67886004,272.898
United Kingdom,9/6/2020,1813,67886004,272.898
United Kingdom,9/7/2020,2988,67886004,272.898
United Kingdom,9/8/2020,2948,67886004,272.898
United Kingdom,9/9/2020,2460,67886004,272.898
United Kingdom,9/10/2020,2659,67886004,272.898
United Kingdom,9/11/2020,2919,67886004,272.898
United Kingdom,9/12/2020,3539,67886004,272.898
United Kingdom,9/13/2020,3497,67886004,272.898
United Kingdom,9/14/2020,3330,67886004,272.898
United Kingdom,9/15/2020,2621,67886004,272.898
United Kingdom,9/16/2020,3103,67886004,272.898
United Kingdom,9/17/2020,3991,67886004,272.898
United Kingdom,9/18/2020,3395,67886004,272.898
United Kingdom,9/19/2020,4322,67886004,272.898
United Kingdom,9/20/2020,4422,67886004,272.898
United Kingdom,9/21/2020,3899,67886004,272.898
United Kingdom,9/22/2020,4368,67886004,272.898
United Kingdom,9/23/2020,4926,67886004,272.898
United Kingdom,9/24/2020,6178,67886004,272.898
United Kingdom,9/25/2020,6634,67886004,272.898
United Kingdom,9/26/2020,6873,67886004,272.898
United Kingdom,9/27/2020,6041,67886004,272.898
United Kingdom,9/28/2020,5692,67886004,272.898
United Kingdom,9/29/2020,4044,67886004,272.898
United Kingdom,9/30/2020,7143,67886004,272.898
United Kingdom,10/1/2020,7108,67886004,272.898
United Kingdom,10/2/2020,6914,67886004,272.898
United Kingdom,10/3/2020,6968,67886004,272.898
United Kingdom,10/4/2020,12871,67886004,272.898
United Kingdom,10/5/2020,22961,67886004,272.898
United Kingdom,10/6/2020,12593,67886004,272.898
United Kingdom,10/7/2020,14542,67886004,272.898
United Kingdom,10/8/2020,14162,67886004,272.898
United Kingdom,10/9/2020,17540,67886004,272.898
United Kingdom,10/10/2020,13864,67886004,272.898
United Kingdom,10/11/2020,15165,67886004,272.898
United Kingdom,10/12/2020,12872,67886004,272.898
United Kingdom,10/13/2020,13972,67886004,272.898
United Kingdom,10/14/2020,17232,67886004,272.898
United Kingdom,10/15/2020,19724,67886004,272.898
United Kingdom,10/16/2020,18978,67886004,272.898
United Kingdom,10/17/2020,15635,67886004,272.898
United Kingdom,10/18/2020,16171,67886004,272.898
United Kingdom,10/19/2020,16981,67886004,272.898
United Kingdom,10/20/2020,18803,67886004,272.898
United Kingdom,10/21/2020,21330,67886004,272.898
United Kingdom,10/22/2020,26687,67886004,272.898
United Kingdom,10/23/2020,21238,67886004,272.898
United Kingdom,10/24/2020,20531,67886004,272.898
United Kingdom,10/25/2020,23012,67886004,272.898
United Kingdom,10/26/2020,19790,67886004,272.898
United Kingdom,10/27/2020,20890,67886004,272.898
United Kingdom,10/28/2020,22885,67886004,272.898
United Kingdom,10/29/2020,24700,67886004,272.898
United Kingdom,10/30/2020,23065,67886004,272.898
United Kingdom,10/31/2020,24405,67886004,272.898
United Kingdom,11/1/2020,21915,67886004,272.898
United Kingdom,11/2/2020,23254,67886004,272.898
United Kingdom,11/3/2020,18950,67886004,272.898
United Kingdom,11/4/2020,20018,67886004,272.898
United Kingdom,11/5/2020,25177,67886004,272.898
United Kingdom,11/6/2020,24138,67886004,272.898
United Kingdom,11/7/2020,23287,67886004,272.898
